year,sales,sales_growth,cogs,change_in_inventory,power_fuel_exp,other_mfr_exp,employee_cost,selling_admin_exp,other_expenses,other_income,gross_profit,gross_margin,ebitda,ebitda_margin,interest,interest_pct_sales,depreciation,depreciation_pct_sales,ebt,ebt_pct_sales,tax,effective_tax_rate,net_profit,net_margin,shares_outstanding,eps,eps_growth,dps,dps_growth,retained_earnings_pct,dividend_payout_ratio,equity_share_capital,reserves,borrowings,other_liabilities,total_equity_liabilities,fixed_assets_net_block,capital_wip,investments_noncurrent,other_noncurrent_assets,total_noncurrent_assets,receivables,inventory,cash_bank,total_current_assets,total_assets,balance_check,cfo_profit_from_ops,cfo_receivables_change,cfo_inventory_change,cfo_payables_change,cfo_working_capital_change,cfo_direct_taxes,cash_from_operating_activities,cfi_fixed_assets_purchased,cfi_fixed_assets_sold,cfi_investments_purchased,cfi_investments_sold,cfi_interest_received,cfi_dividends_received,cfi_other,cash_from_investing_activities,cff_proceeds_shares,cff_proceeds_borrowings,cff_repayment_borrowings,cff_interest_paid,cff_dividends_paid,cff_financial_liabilities,cff_share_application_money,cff_other,cash_from_financing_activities,net_cash_flow
2017.0,303954,,217518,5218,11251,9909,8388,18520,-2721,9222,86436,0.28437197733867625,50311,0.165521756581588,3849,,11646,,40034,,10201,0.2548084128490783,29901,0.09837343808602618,2958924277,101.05361679047795,,1.1000281505345194e-06,,0.9999999891144109,1.0885589110732082e-08,2959,260750,217475,225618,706802,198526,324837,82899,100540,,8177,48951,3023,60151,706802,True,,,,,,,49550,,,,,,,,-66201,,,,,,,,,8617,-8034
2018.0,390823,0.28579653500200686,276076,8610,14569,9691,9523,29111,-3852,9869,114747,0.29360349825880255,65574,0.16778439344664975,8052,,16706,,49426,,13346,0.2700198276210901,36075,0.09230521233397215,5921826196,60.91870785462681,-0.3971644975267521,6.000176098380041e-07,-0.45454340459701237,0.9999999901505198,9.849480249480249e-09,5922,287584,239843,277924,811273,403885,187022,82862,137504,,17555,60837,4255,82647,811273,True,,,,,,,71459,,,,,,,,-68192,,,,,,,,,-2001,1266
2019.0,568337,0.45420561225925793,399167,4680,17029,12198,12488,50221,-2336,8406,169170,0.2976579036733487,87976,0.15479548225788572,16495,,20934,,55227,,15390,0.2786680428051497,39588,0.06965585559272051,5925868997,66.80539178311504,0.09663179236394681,6.500143695296071e-07,0.08332548723878519,0.9999999902700313,9.729968677376984e-09,5926,381186,307714,302804,997630,398374,179463,235635,184158,,30089,67561,11081,108731,997630,True,,,,,,,42346,,,,,,,,-94507,,,,,,,,,55906,3745
2020.0,596679,0.049868299969912266,410288,5048,15098,11434,14075,62622,-1056,8570,186391,0.31238069380688777,92788,0.1555074001263661,22027,,22203,,53606,,13726,0.25605342685520277,39354,0.06595506126409678,6338693823,62.08534612794154,-0.07065366326264833,6.50031396854866e-07,2.6195305914855638e-05,0.9999999895300351,1.0469964933678916e-08,6339,442827,355133,358716,1163015,532658,109106,276767,244484,,19656,73903,30920,124479,1163015,True,,,,,,,94877,,,,,,,,-72497,,,,,,,,,-2541,19839
2021.0,466307,-0.21849604226057895,301765,9064,13214,7687,14817,56154,944,22432,164542,0.35286195575018175,94158,0.2019227676187576,21189,,26572,,55461,,1722,0.03104884513441878,49128,0.10535548469141574,6762068814,72.65232187268894,0.17020080266560234,6.671774754287497e-07,0.026377308322096393,0.9999999908168458,9.183154209412147e-09,6445,693727,278962,340931,1320065,541258,125953,364828,288026,,19014,81672,17397,118083,1320065,True,,,,,,,26958,,,,,,,,-142385,,,,,,,,,101904,-13523
2022.0,694673,0.4897331586272562,494449,21457,17902,12174,18758,63513,753,19600,200224,0.28822769849986973,106724,0.15363199663726673,14584,,29782,,83815,,15970,0.19053868639265048,60705,0.08738643937507287,6765994014,89.72074151172905,0.23493288581952898,7.998824694201097e-07,0.1989050872949203,0.9999999910847541,8.915245861131703e-09,6765,772720,319158,399979,1498622,627798,172506,394264,304054,,23640,107778,36178,167596,1498622,True,,,,,,,110654,,,,,,,,-109162,,,,,,,,,17289,18781
2023.0,876396,0.26159502384575184,618746,30263,25062,19658,24872,67369,8634,12020,257650,0.29398810583343604,124075,0.14157412859027196,19571,,40303,,94464,,20376,0.21570121951219512,66702,0.076109429983706,6766094014,98.5827271421062,0.09877298694882763,8.999874946165653e-07,0.12514966763683244,0.9999999908707385,9.129261491409552e-09,6766,709106,451664,438346,1605882,724805,293752,235560,351765,,28448,140008,68664,237120,1605882,True,,,,,,,115032,,,,,,,,-93001,,,,,,,,,10455,32486
2024.0,899041,0.0258387760783938,590226,4883,22137,18276,25679,77292,7816,15792,308815,0.34349378949347137,173407,0.1928799687667192,23118,,50832,,104340,,25707,0.2463772282921219,69621,0.07743918241770954,6766094014,102.89688534617515,0.04376180624269144,9.999861051295171e-07,0.11111111111111138,0.9999999902816679,9.71833211243734e-09,6766,786715,350719,610848,1755048,779985,338855,225672,410536,,31628,152770,97225,281623,1755048,True,,,,,,,158788,,,,,,,,-113581,,,,,,,,,-16646,28561
2025.0,962820,0.070941147289167,644813,15124,23823,18358,28559,88760,8033,17824,318007,0.3302870733885877,168298,0.17479695062420805,24269,,53136,,106017,,25230,0.23798070120829679,69648,0.0723375085685798,13532515463,51.46714976267971,-0.49981819576434017,5.499790501144614e-07,-0.4500133078916845,0.9999999893139788,1.0686021134849532e-08,13532,829668,374313,732200,1949713,999393,262358,242381,445581,,42121,146062,106502,294685,1949713,True,,,,,,,178703,,,,,,,,-137535,,,,,,,,,-31891,9277
2026.0,1055780,0.09654971853513628,698930,10267,22069,21162,30318,104723,9780,28846,356850,0.3379965523120347,197644,0.1872018791793745,27061,,57688,,123162,,27552,0.22370536366736493,80775,0.07650741631779348,13532472634,59.689756768511636,0.15976418052577634,5.999790444505102e-07,0.09091254353350875,0.9999999899483751,1.0051624883936861e-08,13532,890498,402962,870554,2177546,1124795,237686,248332,566733,,58491,166941,145977,371409,2177546,True,,,,,,,192113,,,,,,,,-101089,,,,,,,,,-51549,39475
