year,share_price,market_cap,shares_outstanding,cash_equivalents,total_debt,minority_interest,enterprise_value,pe_ratio,ev_ebitda,ev_sales,price_to_book,price_52w_high,price_52w_low
2017.0,300.09,88794.35862849299,2958924277,3023,217475,,303246.358628493,2.969611672803351,5.461044834743881,0.9976718800492607,0.3367134175492417,,
2018.0,401.08,237512.60506916797,5921826196,4255,239843,,473100.60506916797,6.583855996373333,6.3773941155662675,1.2105239585929384,0.8092257230488235,,
2019.0,619.43,367066.10328117094,5925868997,11081,307714,,663699.103281171,9.272155786631581,7.163045062178067,1.167791474567327,0.9482168036154162,,
2020.0,506.06,320775.939606738,6338693823,30920,355133,,644988.939606738,8.151037749828175,6.592552226243285,1.0809647056570417,0.7141589960209321,,
2021.0,918.78,621285.358492692,6762068814,17397,278962,,882850.358492692,12.646257907765266,8.552928237126698,1.8932813757732396,0.8873324818654444,,
2022.0,1208.51,817677.142585914,6765994014,36178,319158,,1100657.142585914,13.469683594200049,8.586741736965028,1.5844248194271464,1.0489966357093645,,
2023.0,1069.21,723437.5380708941,6766094014,68664,451664,,1106437.538070894,10.84581478922512,7.168924944413521,1.2624858375333685,1.0105682832557972,,
2024.0,1485.85,1005340.0790701899,6766094014,97225,350719,,1258834.07907019,14.440184413757198,7.060598345786023,1.400196519480413,1.2669995615146297,,
2025.0,1275.1,1725531.04668713,13532515463,106502,374313,,1993342.04668713,24.77502651457515,10.867518872802226,2.0703164108422447,2.046407787816805,,
2026.0,1343.9,1818628.99728326,13532472634,145977,402962,,2075613.9972832603,22.514750817496257,9.983185099793952,1.9659531316024743,2.0116909807011494,1584.9718017578125,1219.199951171875
