year,gross_margin,ebitda_margin,ebit_margin,ebt_margin,net_profit_margin,sales_expense_pct,depreciation_pct_sales,operating_income_pct_sales,roce,roe,retained_earnings_pct,self_sustained_growth_rate,interest_coverage_ratio,debtors_turnover_ratio,creditors_turnover_ratio,inventory_turnover_ratio,fixed_assets_turnover_ratio,capital_turnover_ratio,debtor_days,payable_days,inventory_days,cash_conversion_cycle_days,cfo_to_sales,cfo_to_total_assets,cfo_to_total_debt,roic,invested_capital,net_working_capital,net_capex,change_in_working_capital,reinvestment,reinvestment_rate,intrinsic_growth_rate,net_profit_margin_dupont,asset_turnover_dupont,equity_multiplier_dupont,altman_wc_to_ta,altman_re_to_ta,altman_ebit_to_ta,altman_mcap_to_ltl,altman_sales_to_ta,altman_z_score,altman_zone
2017.0,0.3015390486718385,0.18268882791475025,0.1443738197227212,0.13171071938517012,0.09837343808602618,0.060930272343841504,0.03831500819202906,0.1443738197227212,0.06786195335660195,,0.9999999891144109,,11.401143154065991,37.17182340711752,0.9409710218156353,4.336990051275766,1.5310538669997884,0.43004122795351457,9.819265415161505,387.8971738106453,84.15975035327367,-293.91815804221017,0.16301808826335565,0.07010449885540788,0.22784228072192206,0.06838960605098261,478161,-168490,,,,,,0.09837343808602618,,,-0.23410658147543442,0.04230463365201287,0.062086694717898364,0.4082968554017381,0.43004122795351457,0.6582040231059187,Distressed
2018.0,0.31563393147281504,0.18981482666066224,0.14706913359756207,0.1264664566824368,0.09230521233397215,0.07448640433137252,0.04274569306310018,0.14706913359756207,0.07888546387309814,0.12948323358129268,0.9999999901505198,0.12948323230595013,7.138350720317933,22.262774138422103,0.9623710079014407,4.396436379177145,0.9676591108855244,0.48174042523293636,16.39508166100767,379.271608353959,83.021785946625,-279.85474074632634,0.1828423608641252,0.08808255667327768,0.2979407362316182,0.07930122123478056,529094,-199532,222065,-31042,191023,4.552741049713497,0.3610379252079971,0.09230521233397215,0.5148928741992326,2.724397225487469,-0.2407044237882932,0.08132404174573787,0.07084914695792909,0.9902836650190665,0.48174042523293636,1.1347211591036235,Distressed
2019.0,0.30589245465278525,0.16303003323732224,0.12619625327930437,0.09717298011567081,0.06965585559272051,0.08836482579877784,0.036833779958017863,0.12619625327930437,0.0806863321929713,0.11632957106629563,0.9999999902700313,0.11632956993441254,4.348105486511064,18.88853069227957,1.3027800161160354,5.8389751483844226,1.4266417989125797,0.569687158565801,19.323895857563382,280.17009432503477,62.51096994324275,-198.33522852422863,0.07450861020837989,0.04244659843829877,0.13761479815672994,0.07566471511152412,683745,-205154,15423,-5622,9801,0.18944485909553557,0.014334291292806528,0.06965585559272051,0.6283775304701247,2.657736057524191,-0.19453404568828123,0.10581477996251115,0.07189238495233703,1.1928807375718067,0.569687158565801,1.4373603085731754,Distressed
2020.0,0.3208408541275962,0.16396756044707456,0.12675659776864948,0.08984060106020154,0.06595506126409678,0.1049509032494859,0.03721096267842508,0.12675659776864948,0.07282655584399578,0.09411702806961321,0.9999999895300351,0.09411702708421123,3.4336496118400146,30.35607448107448,1.1296959154317063,5.483403921356373,1.1201915675724385,0.5130449736245878,12.023952577516555,323.09579508439447,66.56449264633304,-244.50734986054488,0.15900844507683362,0.08157848351053082,0.2671590643505391,0.07275464056647574,773379,-265157,156487,-60003,96484,1.7147555819123974,0.12475642602139442,0.06595506126409678,0.5523156279722028,2.583644434027919,-0.20140496898148347,0.12460544233906269,0.06503183535895926,0.9032557932006825,0.5130449736245878,1.2023651627264704,Distressed
2021.0,0.37229979391259405,0.22136060578116992,0.1643766874612648,0.11893666618772611,0.10535548469141574,0.12042281158121151,0.056983918319905125,0.1643766874612648,0.0637696737555138,0.08548921205076314,0.9999999908168458,0.08548921126570252,3.617443012884044,24.52440307142106,0.858534424854296,3.583859829562151,0.861524448599374,0.35324548412388784,14.883134930421374,425.1431153292951,101.84550104031077,-308.41447935856297,0.05781169915956655,0.020421721657645647,0.09663681791785261,0.07722496485052234,961737,-240245,35172,24912,60084,0.808993055475896,0.062474460273442736,0.10535548469141574,0.37558757671923576,2.160443664091851,-0.16881592951862218,0.14699730548936227,0.058065322540935486,2.227132578963056,0.35324548412388784,1.884357708149569,Grey Zone
2022.0,0.3191156126695582,0.1845199108069552,0.14164794082971413,0.12065389039159431,0.08738643937507287,0.09142862900962036,0.04287196997724109,0.14164794082971413,0.07392718098669748,0.08205280007461188,0.9999999910847541,0.082052799343091,6.747051563357104,29.385490693739424,1.1825420834593816,4.388576518398931,1.1065231173084336,0.4635411731577409,12.421095968894718,308.6570914518639,83.17047645626141,-213.06551902670776,0.15928933469416545,0.0738371650756495,0.3467060202156925,0.07496734838102863,1062465,-268561,116322,-28316,88006,1.1049064271286337,0.0828319050509899,0.08738643937507287,0.4929053846702383,1.9049597305321435,-0.15506445254373685,0.1699901626491637,0.06565965266758396,2.5619822864722614,0.4635411731577409,2.2693162835004697,Grey Zone
2023.0,0.32851929949474895,0.1761053222515849,0.1301181201192155,0.10778689085755755,0.076109429983706,0.07687050146280905,0.045987202132369384,0.1301181201192155,0.08331251159807183,0.08921214131474958,0.9999999908707385,0.08921214050030862,5.826733432118951,30.806946006749158,1.3425079731536276,4.20320981658191,1.209147287891226,0.5457412188442239,11.84797739834504,271.87920466691475,86.83839635129647,-173.19283091727323,0.13125573370941904,0.07163166409487123,0.25468489850862586,0.081390290618859,1098872,-269890,137310,-1329,135981,1.5204023213680113,0.12374598679373029,0.076109429983706,0.5645964701607729,2.0760955410647757,-0.12530559530525903,0.2001722398785683,0.07101082146757981,1.6017161829831337,0.5457412188442239,1.8709810609408022,Grey Zone
2024.0,0.3489251324466849,0.1983113117199327,0.1417710649458701,0.11605699851285982,0.07743918241770954,0.08597160752401725,0.05654024677406259,0.1417710649458701,0.08650457267930163,0.09225277320812295,0.9999999902816679,0.09225277231157986,5.513366208149494,28.425477425066397,0.9582465687044895,3.8315310597630425,1.1526388327980666,0.5122600635424216,12.840593476826974,380.9040511289961,95.26217961092898,-272.80127804124015,0.17661930879681795,0.09047501834707655,0.4527499223024701,0.09174550608786525,1046975,-426450,106012,-156560,-50548,-0.5262387984976198,-0.04828004489123427,0.07743918241770954,0.5349953733044127,2.2267355615286815,-0.18758746199534143,0.22282809145053298,0.0726236547376482,2.86651159210134,0.5122600635424216,2.558679453073801,Grey Zone
2025.0,0.3459950977337405,0.19050497496936084,0.13531708938326997,0.11011092416027918,0.0723375085685798,0.09218753245674166,0.055187885586090855,0.13531708938326997,0.07872132676909394,0.08510882694917336,0.9999999893139788,0.08510882603969863,5.368412377930693,22.858431661166637,0.8599959027588091,4.31110761183607,0.9634047867055302,0.49382652728888815,15.9678496499865,424.42062669031856,84.6650171751452,-323.78775986518684,0.18560374732556448,0.09165605399358777,0.4774159593709008,0.08936045310296283,1111011,-544017,272544,-117567,154977,1.5610022484622048,0.13949186821732637,0.0723375085685798,0.5197744199963237,2.26358160203485,-0.22439969369850846,0.23630246887609355,0.06682316833298028,4.609861390566531,0.49382652728888815,3.541803641115962,Safe
2026.0,0.34772111614162043,0.1969264430089602,0.14228627176116238,0.11665498494004432,0.07650741631779348,0.09919017219496486,0.05464017124779784,0.14228627176116238,0.08317364629593436,0.09246063769509452,0.9999999899483751,0.09246063676571488,5.551273049776431,18.050298336496212,0.7910629323396366,4.125187940649691,0.9386421525700239,0.4848485405130362,20.221272424179283,461.40450408980877,88.48081717763259,-352.70241448799686,0.18196309837276706,0.08822454267326614,0.4767521503268298,0.10044427432358534,1161015,-645122,183090,-101105,81985,0.7030259966972519,0.07061493606887076,0.07650741631779348,0.5116131553653406,2.3621726962105734,-0.22922363063742396,0.24867304511036503,0.06898729119844081,4.513152598218343,0.4848485405130362,3.493472066788499,Safe
